{"cameraMode":{"drawMode":0,"name":"Shaded","section":"Shading Mode"},"sceneLighting":false,"audioPlay":false,"sceneViewState":{"showFog":true,"showMaterialUpdate":false,"showSkybox":true,"showFlares":true,"showImageEffects":true,"showParticleSystems":true},"in2DMode":false,"pivot":{"x":-15.66125202178955,"y":-0.26685723662376406,"z":-1.4829225540161133},"rotation":{"x":0.18221068382263184,"y":-0.6551287770271301,"z":0.1672118753194809,"w":0.7138948440551758},"size":54.62807846069336,"orthographic":false}