{"cameraMode":{"drawMode":0,"name":"Shaded","section":"Shading Mode"},"sceneLighting":false,"audioPlay":false,"sceneViewState":{"showFog":true,"showMaterialUpdate":false,"showSkybox":true,"showFlares":true,"showImageEffects":true,"showParticleSystems":true},"in2DMode":false,"pivot":{"x":0.20032550394535066,"y":0.8459306955337524,"z":0.340991735458374},"rotation":{"x":0.043868280947208408,"y":0.9558506011962891,"z":-0.19326555728912354,"w":0.2169644832611084},"size":3.2478139400482179,"orthographic":false}