{"cameraMode":{"drawMode":0,"name":"Shaded","section":"Shading Mode"},"sceneLighting":false,"audioPlay":false,"sceneViewState":{"showFog":true,"showMaterialUpdate":false,"showSkybox":true,"showFlares":true,"showImageEffects":true,"showParticleSystems":true},"in2DMode":false,"pivot":{"x":-13.888631820678711,"y":2.4370906352996828,"z":0.03786659240722656},"rotation":{"x":-0.36556464433670046,"y":0.2117256075143814,"z":-0.0857793539762497,"w":-0.9023174047470093},"size":13.635786056518555,"orthographic":false}