{"cameraMode":{"drawMode":0,"name":"Shaded","section":"Shading Mode"},"sceneLighting":false,"audioPlay":false,"sceneViewState":{"showFog":true,"showMaterialUpdate":false,"showSkybox":true,"showFlares":true,"showImageEffects":true,"showParticleSystems":true},"in2DMode":false,"pivot":{"x":19.96813201904297,"y":1.8003764152526856,"z":-27.212419509887697},"rotation":{"x":-0.21051709353923798,"y":-0.6693177819252014,"z":0.20663195848464967,"w":-0.6819087862968445},"size":36.97408676147461,"orthographic":false}