{"cameraMode":{"drawMode":0,"name":"Shaded","section":"Shading Mode"},"sceneLighting":false,"audioPlay":false,"sceneViewState":{"showFog":true,"showMaterialUpdate":false,"showSkybox":true,"showFlares":true,"showImageEffects":true,"showParticleSystems":true},"in2DMode":false,"pivot":{"x":-11.200813293457032,"y":-128.2653350830078,"z":-158.5433349609375},"rotation":{"x":0.03888889029622078,"y":0.8871675729751587,"z":-0.45346683263778689,"w":0.07608707994222641},"size":168.77908325195313,"orthographic":false}