{"cameraMode":{"drawMode":0,"name":"Shaded","section":"Shading Mode"},"sceneLighting":false,"audioPlay":false,"sceneViewState":{"showFog":true,"showMaterialUpdate":false,"showSkybox":true,"showFlares":true,"showImageEffects":true,"showParticleSystems":true},"in2DMode":false,"pivot":{"x":58.632808685302737,"y":9.40523910522461,"z":-128.683837890625},"rotation":{"x":-0.30534976720809939,"y":0.6691115498542786,"z":-0.3534676134586334,"w":-0.5780242085456848},"size":15.63965892791748,"orthographic":false}