{"cameraMode":{"drawMode":0,"name":"Shaded","section":"Shading Mode"},"sceneLighting":false,"audioPlay":false,"sceneViewState":{"showFog":true,"showMaterialUpdate":false,"showSkybox":true,"showFlares":true,"showImageEffects":true,"showParticleSystems":true},"in2DMode":false,"pivot":{"x":-32.38050079345703,"y":2.677060127258301,"z":-76.63937377929688},"rotation":{"x":0.06045903265476227,"y":0.9353591203689575,"z":-0.2878226339817047,"w":0.19648471474647523},"size":11.569540023803711,"orthographic":false}