{"cameraMode":{"drawMode":0,"name":"Shaded","section":"Shading Mode"},"sceneLighting":false,"audioPlay":false,"sceneViewState":{"showFog":true,"showMaterialUpdate":false,"showSkybox":true,"showFlares":true,"showImageEffects":true,"showParticleSystems":true},"in2DMode":false,"pivot":{"x":-41.29008483886719,"y":0.22423028945922852,"z":-17.595491409301759},"rotation":{"x":0.11018429696559906,"y":-0.7185611724853516,"z":0.11701048165559769,"w":0.6766371726989746},"size":16.941858291625978,"orthographic":false}