{"cameraMode":{"drawMode":0,"name":"Shaded","section":"Shading Mode"},"sceneLighting":false,"audioPlay":false,"sceneViewState":{"showFog":true,"showMaterialUpdate":false,"showSkybox":true,"showFlares":true,"showImageEffects":true,"showParticleSystems":true},"in2DMode":false,"pivot":{"x":-23.291866302490236,"y":4.989813327789307,"z":-13.028444290161133},"rotation":{"x":0.31563451886177065,"y":0.6826891303062439,"z":-0.4940371513366699,"w":0.4361625015735626},"size":18.753585815429689,"orthographic":false}