{"cameraMode":{"drawMode":0,"name":"Shaded","section":"Shading Mode"},"sceneLighting":false,"audioPlay":false,"sceneViewState":{"showFog":true,"showMaterialUpdate":false,"showSkybox":true,"showFlares":true,"showImageEffects":true,"showParticleSystems":true},"in2DMode":false,"pivot":{"x":-29.8477840423584,"y":-30.47189712524414,"z":-136.5398406982422},"rotation":{"x":0.004382870625704527,"y":0.9815398454666138,"z":0.022664356976747514,"w":-0.18985988199710847},"size":78.26764678955078,"orthographic":false}