{"cameraMode":{"drawMode":0,"name":"Shaded","section":"Shading Mode"},"sceneLighting":false,"audioPlay":false,"sceneViewState":{"showFog":true,"showMaterialUpdate":false,"showSkybox":true,"showFlares":true,"showImageEffects":true,"showParticleSystems":true},"in2DMode":false,"pivot":{"x":-32.737945556640628,"y":-0.0000019073486328125,"z":8.974092483520508},"rotation":{"x":-0.3895025849342346,"y":0.5944406986236572,"z":-0.5786282420158386,"w":-0.4001467525959015},"size":25.459171295166017,"orthographic":false}