{"cameraMode":{"drawMode":0,"name":"Shaded","section":"Shading Mode"},"sceneLighting":false,"audioPlay":false,"sceneViewState":{"showFog":true,"showMaterialUpdate":false,"showSkybox":true,"showFlares":true,"showImageEffects":true,"showParticleSystems":true},"in2DMode":false,"pivot":{"x":39.03651428222656,"y":14.082709312438965,"z":-3.19000506401062},"rotation":{"x":-0.0699976235628128,"y":-0.8350952863693237,"z":0.5345640778541565,"w":-0.10935024172067642},"size":16.96466064453125,"orthographic":false}