{"cameraMode":{"drawMode":0,"name":"Shaded","section":"Shading Mode"},"sceneLighting":false,"audioPlay":false,"sceneViewState":{"showFog":true,"showMaterialUpdate":false,"showSkybox":true,"showFlares":true,"showImageEffects":true,"showParticleSystems":true},"in2DMode":false,"pivot":{"x":-0.10591793060302735,"y":-1.850662350654602,"z":-4.800388336181641},"rotation":{"x":0.041970860213041309,"y":-0.865781843662262,"z":0.07368062436580658,"w":0.49318501353263857},"size":8.594752311706543,"orthographic":false}