{"cameraMode":{"drawMode":0,"name":"Shaded","section":"Shading Mode"},"sceneLighting":false,"audioPlay":false,"sceneViewState":{"showFog":true,"showMaterialUpdate":false,"showSkybox":true,"showFlares":true,"showImageEffects":true,"showParticleSystems":true},"in2DMode":false,"pivot":{"x":148.98355102539063,"y":1.5763797760009766,"z":-133.47909545898438},"rotation":{"x":-0.09150353074073792,"y":-0.8902330994606018,"z":0.39596500992774966,"w":-0.20572791993618012},"size":34.738624572753909,"orthographic":false}