{"cameraMode":{"drawMode":0,"name":"Shaded","section":"Shading Mode"},"sceneLighting":false,"audioPlay":false,"sceneViewState":{"showFog":true,"showMaterialUpdate":false,"showSkybox":true,"showFlares":true,"showImageEffects":true,"showParticleSystems":true},"in2DMode":false,"pivot":{"x":90.89501190185547,"y":-2.016660690307617,"z":-128.06793212890626},"rotation":{"x":0.026949148625135423,"y":0.8498588800430298,"z":-0.524506151676178,"w":0.043667763471603397},"size":35.50379180908203,"orthographic":false}