{"cameraMode":{"drawMode":0,"name":"Shaded","section":"Shading Mode"},"sceneLighting":false,"audioPlay":false,"sceneViewState":{"showFog":true,"showMaterialUpdate":false,"showSkybox":true,"showFlares":true,"showImageEffects":true,"showParticleSystems":true},"in2DMode":false,"pivot":{"x":-0.8040000200271606,"y":0.6299999952316284,"z":2.2309999465942385},"rotation":{"x":0.16755276918411256,"y":-0.6679765582084656,"z":0.15816737711429597,"w":0.7076132893562317},"size":0.8573652505874634,"orthographic":false}