{"cameraMode":{"drawMode":0,"name":"Shaded","section":"Shading Mode"},"sceneLighting":false,"audioPlay":false,"sceneViewState":{"showFog":true,"showMaterialUpdate":false,"showSkybox":true,"showFlares":true,"showImageEffects":true,"showParticleSystems":true},"in2DMode":false,"pivot":{"x":-32.28444290161133,"y":4.027921676635742,"z":-75.94854736328125},"rotation":{"x":-0.016675125807523729,"y":0.978009819984436,"z":-0.08620190620422363,"w":-0.18917717039585114},"size":6.162944316864014,"orthographic":false}