{"cameraMode":{"drawMode":0,"name":"Shaded","section":"Shading Mode"},"sceneLighting":false,"audioPlay":false,"sceneViewState":{"showFog":true,"showMaterialUpdate":false,"showSkybox":true,"showFlares":true,"showImageEffects":true,"showParticleSystems":true},"in2DMode":false,"pivot":{"x":-26.048437118530275,"y":3.280938148498535,"z":5.674896240234375},"rotation":{"x":0.17831113934516908,"y":-0.4989224076271057,"z":0.10572090744972229,"w":0.8414896130561829},"size":5.482959270477295,"orthographic":false}