{"cameraMode":{"drawMode":0,"name":"Shaded","section":"Shading Mode"},"sceneLighting":false,"audioPlay":false,"sceneViewState":{"showFog":true,"showMaterialUpdate":false,"showSkybox":true,"showFlares":true,"showImageEffects":true,"showParticleSystems":true},"in2DMode":false,"pivot":{"x":67.00239562988281,"y":7.243768692016602,"z":-127.04358673095703},"rotation":{"x":-0.4928027093410492,"y":0.4636956453323364,"z":-0.35391855239868166,"w":-0.645657479763031},"size":74.35794067382813,"orthographic":false}