{"cameraMode":{"drawMode":0,"name":"Shaded","section":"Shading Mode"},"sceneLighting":false,"audioPlay":false,"sceneViewState":{"showFog":true,"showMaterialUpdate":false,"showSkybox":true,"showFlares":true,"showImageEffects":true,"showParticleSystems":true},"in2DMode":false,"pivot":{"x":-1.1916389465332032,"y":4.449274063110352,"z":-0.36214447021484377},"rotation":{"x":-0.07577492296695709,"y":-0.8971790075302124,"z":0.16967783868312837,"w":-0.4006713330745697},"size":22.482486724853517,"orthographic":false}