{"cameraMode":{"drawMode":0,"name":"Shaded","section":"Shading Mode"},"sceneLighting":false,"audioPlay":false,"sceneViewState":{"showFog":true,"showMaterialUpdate":false,"showSkybox":true,"showFlares":true,"showImageEffects":true,"showParticleSystems":true},"in2DMode":false,"pivot":{"x":-33.81608963012695,"y":-30.50918197631836,"z":2.546968936920166},"rotation":{"x":0.27225756645202639,"y":-0.7145039439201355,"z":0.36735764145851138,"w":0.5295358896255493},"size":55.447147369384769,"orthographic":false}