{"cameraMode":{"drawMode":0,"name":"Shaded","section":"Shading Mode"},"sceneLighting":false,"audioPlay":false,"sceneViewState":{"showFog":true,"showMaterialUpdate":false,"showSkybox":true,"showFlares":true,"showImageEffects":true,"showParticleSystems":true},"in2DMode":false,"pivot":{"x":-31.01959991455078,"y":4.884000301361084,"z":1.6739997863769532},"rotation":{"x":-0.08344637602567673,"y":0.911322295665741,"z":-0.33153650164604189,"w":-0.22937284409999848},"size":28.00726318359375,"orthographic":false}