{"cameraMode":{"drawMode":0,"name":"Shaded","section":"Shading Mode"},"sceneLighting":false,"audioPlay":false,"sceneViewState":{"showFog":true,"showMaterialUpdate":false,"showSkybox":true,"showFlares":true,"showImageEffects":true,"showParticleSystems":true},"in2DMode":false,"pivot":{"x":-33.353214263916019,"y":0.9057852029800415,"z":6.657805442810059},"rotation":{"x":0.06156808137893677,"y":-0.710059642791748,"z":0.06257454305887222,"w":0.6986481547355652},"size":10.935578346252442,"orthographic":false}