{"cameraMode":{"drawMode":0,"name":"Shaded","section":"Shading Mode"},"sceneLighting":false,"audioPlay":false,"sceneViewState":{"showFog":true,"showMaterialUpdate":false,"showSkybox":true,"showFlares":true,"showImageEffects":true,"showParticleSystems":true},"in2DMode":false,"pivot":{"x":1.6445469856262208,"y":-9.084724426269532,"z":-4.436359405517578},"rotation":{"x":0.4384574294090271,"y":0.2352333813905716,"z":-0.12006064504384995,"w":0.8590726852416992},"size":17.772470474243165,"orthographic":false}