{"cameraMode":{"drawMode":0,"name":"Shaded","section":"Shading Mode"},"sceneLighting":false,"audioPlay":false,"sceneViewState":{"showFog":true,"showMaterialUpdate":false,"showSkybox":true,"showFlares":true,"showImageEffects":true,"showParticleSystems":true},"in2DMode":false,"pivot":{"x":-30.972633361816408,"y":2.979995012283325,"z":-68.96049499511719},"rotation":{"x":0.05426590517163277,"y":0.9370374083518982,"z":-0.3006947636604309,"w":0.16911181807518006},"size":11.569535255432129,"orthographic":false}