{"cameraMode":{"drawMode":0,"name":"Shaded","section":"Shading Mode"},"sceneLighting":false,"audioPlay":false,"sceneViewState":{"showFog":true,"showMaterialUpdate":false,"showSkybox":true,"showFlares":true,"showImageEffects":true,"showParticleSystems":true},"in2DMode":false,"pivot":{"x":-1.171263575553894,"y":0.35179316997528078,"z":3.11421275138855},"rotation":{"x":0.22123463451862336,"y":-0.5922381281852722,"z":0.17351356148719788,"w":0.7551174163818359},"size":1.8710579872131348,"orthographic":false}