{"cameraMode":{"drawMode":0,"name":"Shaded","section":"Shading Mode"},"sceneLighting":false,"audioPlay":false,"sceneViewState":{"showFog":true,"showMaterialUpdate":false,"showSkybox":true,"showFlares":true,"showImageEffects":true,"showParticleSystems":true},"in2DMode":false,"pivot":{"x":-11.315959930419922,"y":2.5670406818389894,"z":-137.40530395507813},"rotation":{"x":-0.0006370501942001283,"y":-0.7119539976119995,"z":0.0006460763397626579,"w":-0.7022255063056946},"size":18.12432861328125,"orthographic":false}