{"cameraMode":{"drawMode":0,"name":"Shaded","section":"Shading Mode"},"sceneLighting":false,"audioPlay":false,"sceneViewState":{"showFog":true,"showMaterialUpdate":false,"showSkybox":true,"showFlares":true,"showImageEffects":true,"showParticleSystems":true},"in2DMode":false,"pivot":{"x":-12.309917449951172,"y":-31.635746002197267,"z":7.701793670654297},"rotation":{"x":0.6108589172363281,"y":0.16834698617458344,"z":-0.13499733805656434,"w":0.7617653608322144},"size":65.75889587402344,"orthographic":false}