{"cameraMode":{"drawMode":0,"name":"Shaded","section":"Shading Mode"},"sceneLighting":false,"audioPlay":false,"sceneViewState":{"showFog":true,"showMaterialUpdate":false,"showSkybox":true,"showFlares":true,"showImageEffects":true,"showParticleSystems":true},"in2DMode":false,"pivot":{"x":-14.778573036193848,"y":7.33126163482666,"z":-4.970439910888672},"rotation":{"x":0.02603970095515251,"y":-0.9739052653312683,"z":0.15411202609539033,"w":0.1645599752664566},"size":45.90568923950195,"orthographic":false}