{"cameraMode":{"drawMode":0,"name":"Shaded","section":"Shading Mode"},"sceneLighting":false,"audioPlay":false,"sceneViewState":{"showFog":true,"showMaterialUpdate":false,"showSkybox":true,"showFlares":true,"showImageEffects":true,"showParticleSystems":true},"in2DMode":false,"pivot":{"x":0.20032550394535066,"y":0.8459306955337524,"z":0.340991735458374},"rotation":{"x":-0.21797524392604829,"y":-0.6188741326332092,"z":0.18434485793113709,"w":-0.7317777276039124},"size":4.198171615600586,"orthographic":false}