{"cameraMode":{"drawMode":0,"name":"Shaded","section":"Shading Mode"},"sceneLighting":false,"audioPlay":false,"sceneViewState":{"showFog":true,"showMaterialUpdate":false,"showSkybox":true,"showFlares":true,"showImageEffects":true,"showParticleSystems":true},"in2DMode":false,"pivot":{"x":82.65171813964844,"y":2.137864589691162,"z":-135.4361114501953},"rotation":{"x":-0.10703802853822708,"y":-0.7873245477676392,"z":0.14280571043491364,"w":-0.590143620967865},"size":15.571444511413575,"orthographic":false}