{"cameraMode":{"drawMode":0,"name":"Shaded","section":"Shading Mode"},"sceneLighting":false,"audioPlay":false,"sceneViewState":{"showFog":true,"showMaterialUpdate":false,"showSkybox":true,"showFlares":true,"showImageEffects":true,"showParticleSystems":true},"in2DMode":false,"pivot":{"x":-19.264686584472658,"y":-32.107391357421878,"z":-109.59424591064453},"rotation":{"x":0.00023668362700846046,"y":0.9222605228424072,"z":-0.3865685760974884,"w":0.0005630261148326099},"size":226.24183654785157,"orthographic":false}