{"cameraMode":{"drawMode":0,"name":"Shaded","section":"Shading Mode"},"sceneLighting":false,"audioPlay":false,"sceneViewState":{"showFog":true,"showMaterialUpdate":false,"showSkybox":true,"showFlares":true,"showImageEffects":true,"showParticleSystems":true},"in2DMode":false,"pivot":{"x":-18.623334884643556,"y":0.2511976957321167,"z":-2.5901503562927248},"rotation":{"x":-0.018748123198747636,"y":0.9772936105728149,"z":-0.0980258584022522,"w":-0.18691366910934449},"size":2.284071445465088,"orthographic":false}