{"cameraMode":{"drawMode":0,"name":"Shaded","section":"Shading Mode"},"sceneLighting":false,"audioPlay":false,"sceneViewState":{"showFog":true,"showMaterialUpdate":false,"showSkybox":true,"showFlares":true,"showImageEffects":true,"showParticleSystems":true},"in2DMode":false,"pivot":{"x":19.96813201904297,"y":1.8003764152526856,"z":-7.719999313354492},"rotation":{"x":0.034158606082201007,"y":0.9551443457603455,"z":-0.12186259776353836,"w":0.2677350640296936},"size":36.97408676147461,"orthographic":false}